片名,个人评分,打分日期,影片链接
"删除电锯人","","","https://movie.douban.com/subject/35256195/",
"删除V字仇杀队","","","https://movie.douban.com/subject/1309046/",
"哈尔的移动城堡 / ハウルの動く城","3","2019-02-08","https://movie.douban.com/subject/1308807/",
"摔跤吧！爸爸 / Dangal","4","2019-02-08","https://movie.douban.com/subject/26387939/",
"飞屋环游记 / Up","5","2019-02-08","https://movie.douban.com/subject/2129039/",
"少年派的奇幻漂流 / Life of Pi","5","2019-02-08","https://movie.douban.com/subject/1929463/",
"蝙蝠侠：黑暗骑士 / The Dark Knight","5","2019-02-08","https://movie.douban.com/subject/1851857/",
"疯狂动物城 / Zootopia","5","2019-02-08","https://movie.douban.com/subject/25662329/",
"当幸福来敲门 / The Pursuit of Happyness","5","2019-02-08","https://movie.douban.com/subject/1849031/",
"星际穿越 / Interstellar","5","2019-02-08","https://movie.douban.com/subject/1889243/",
"三傻大闹宝莱坞 / 3 Idiots","5","2019-02-08","https://movie.douban.com/subject/3793023/",
"机器人总动员 / WALL·E","5","2019-02-08","https://movie.douban.com/subject/2131459/",
"盗梦空间 / Inception","5","2019-02-08","https://movie.douban.com/subject/3541415/",
"辛德勒的名单 / Schindler's List","5","2019-02-08","https://movie.douban.com/subject/1295124/",
"千与千寻 / 千と千尋の神隠し","5","2019-02-08","https://movie.douban.com/subject/1291561/",
"泰坦尼克号 / Titanic","5","2019-02-08","https://movie.douban.com/subject/1292722/",
"海王 / Aquaman","4","2019-02-08","https://movie.douban.com/subject/3878007/",
"蜘蛛侠：平行宇宙 / Spider-Man: Into the Spider-Verse","","2019-02-08","https://movie.douban.com/subject/26374197/",
"神奇动物：格林德沃之罪 / Fantastic Beasts: The Crimes of Grind...","","2019-02-08","https://movie.douban.com/subject/26147417/",
"阿甘正传 / Forrest Gump","5","2019-02-08","https://movie.douban.com/subject/1292720/",
"疯狂的外星人","","2019-02-08","https://movie.douban.com/subject/25986662/",
"头号玩家 / Ready Player One","5","2019-04-04","https://movie.douban.com/subject/4920389/",
"全民超人汉考克 / Hancock","5","2019-04-04","https://movie.douban.com/subject/1949312/",
"闪电狗 / Bolt","4","2019-04-04","https://movie.douban.com/subject/1793912/",
"美食总动员 / Ratatouille","5","2019-04-04","https://movie.douban.com/subject/1793491/",
"X战警 / X-Men","4","2019-04-04","https://movie.douban.com/subject/1295250/",
"纳尼亚传奇1：狮子、女巫和魔衣橱 / The Chronicles of Narnia: Th...","4","2019-04-04","https://movie.douban.com/subject/1309052/",
"鼠来宝 / Alvin and the Chipmunks","4","2019-04-04","https://movie.douban.com/subject/2139553/",
"狮子王 / The Lion King","5","2019-04-04","https://movie.douban.com/subject/1301753/",
"查理和巧克力工厂 / Charlie and the Chocolate Factory","5","2019-04-04","https://movie.douban.com/subject/1309101/",
"天降美食 / Cloudy with a Chance of Meatballs","5","2019-04-04","https://movie.douban.com/subject/3102668/",
"夏洛特的网 / Charlotte's Web","5","2019-04-04","https://movie.douban.com/subject/1457218/",
"阿凡达 / Avatar","5","2019-04-04","https://movie.douban.com/subject/1652587/",
"爱丽丝梦游仙境 / Alice in Wonderland","4","2019-04-04","https://movie.douban.com/subject/2336785/",
"神奇四侠 / Fantastic Four","4","2019-04-04","https://movie.douban.com/subject/1309103/",
"神奇四侠2 / Fantastic 4: Rise of the Silver Surfer","4","2019-04-04","https://movie.douban.com/subject/1584750/",
"变形金刚 / Transformers","5","2019-04-04","https://movie.douban.com/subject/1794171/",
"纳尼亚传奇3：黎明踏浪号 / The Chronicles of Narnia: The Voyage...","5","2019-04-04","https://movie.douban.com/subject/2131291/",
"无敌破坏王 / Wreck-It Ralph","5","2019-04-04","https://movie.douban.com/subject/6534248/",
"复仇者联盟 / The Avengers","4","2019-04-04","https://movie.douban.com/subject/1866479/",
"超人：钢铁之躯 / Man of Steel","5","2019-04-04","https://movie.douban.com/subject/2049435/",
"神偷奶爸 / Despicable Me","5","2019-04-04","https://movie.douban.com/subject/3287562/",
"钢铁侠3 / Iron Man 3","5","2019-04-04","https://movie.douban.com/subject/3231742/",
"霍比特人2：史矛革之战 / The Hobbit: The Desolation of Smaug","5","2019-04-04","https://movie.douban.com/subject/11606328/",
"美国队长2 / Captain America: The Winter Soldier","4","2019-04-04","https://movie.douban.com/subject/6390823/",
"里约大冒险2 / Rio 2","3","2019-04-04","https://movie.douban.com/subject/11443314/",
"里约大冒险 / Rio","5","2019-04-04","https://movie.douban.com/subject/3731581/",
"超凡蜘蛛侠2 / The Amazing Spider-Man 2","5","2019-04-04","https://movie.douban.com/subject/6082518/",
"忍者神龟：变种时代 / Teenage Mutant Ninja Turtles","4","2019-04-04","https://movie.douban.com/subject/3217149/",
"蚁人 / Ant-Man","5","2019-04-04","https://movie.douban.com/subject/1866473/",
"寻龙诀","3","2019-04-04","https://movie.douban.com/subject/3077412/",
"疯狂原始人 / The Croods","5","2019-04-04","https://movie.douban.com/subject/1907966/",
"帕丁顿熊 / Paddington","5","2019-04-04","https://movie.douban.com/subject/2998373/",
"X战警：逆转未来 / X-Men: Days of Future Past","5","2019-04-04","https://movie.douban.com/subject/10485647/",
"小黄人大眼萌 / Minions","4","2019-04-04","https://movie.douban.com/subject/11624706/",
"魔兽 / Warcraft","4","2019-04-04","https://movie.douban.com/subject/2131940/",
"X战警：天启 / X-Men: Apocalypse","3","2019-04-04","https://movie.douban.com/subject/25786060/",
"奇异博士 / Doctor Strange","5","2019-04-04","https://movie.douban.com/subject/3025375/",
"神奇女侠 / Wonder Woman","3","2019-04-04","https://movie.douban.com/subject/1578714/",
"神偷奶爸3 / Despicable Me 3","2","2019-04-04","https://movie.douban.com/subject/25812712/",
"银河护卫队 / Guardians of the Galaxy","5","2019-04-04","https://movie.douban.com/subject/7065154/",
"银河护卫队2 / Guardians of the Galaxy Vol. 2","5","2019-04-04","https://movie.douban.com/subject/25937854/",
"蜘蛛侠：英雄归来 / Spider-Man: Homecoming","4","2019-04-04","https://movie.douban.com/subject/24753477/",
"雷神2：黑暗世界 / Thor: The Dark World","3","2019-04-04","https://movie.douban.com/subject/6560058/",
"加勒比海盗5：死无对证 / Pirates of the Caribbean: Dead Men Tel...","4","2019-04-04","https://movie.douban.com/subject/6311303/",
"神奇动物在哪里 / Fantastic Beasts and Where to Find Them","4","2019-04-04","https://movie.douban.com/subject/25726614/",
"太空旅客 / Passengers","4","2019-04-04","https://movie.douban.com/subject/3434070/",
"正义联盟 / Justice League","5","2019-04-04","https://movie.douban.com/subject/2158490/",
"寻梦环游记 / Coco","5","2019-04-04","https://movie.douban.com/subject/20495023/",
"复仇者联盟3：无限战争 / Avengers: Infinity War","5","2019-04-04","https://movie.douban.com/subject/24773958/",
"雷神3：诸神黄昏 / Thor: Ragnarok","4","2019-04-04","https://movie.douban.com/subject/25821634/",
"蚁人2：黄蜂女现身 / Ant-Man and the Wasp","5","2019-04-04","https://movie.douban.com/subject/26636712/",
"死侍2：我爱我家 / Deadpool 2","4","2019-04-04","https://movie.douban.com/subject/26588308/",
"超能查派 / Chappie","5","2019-04-04","https://movie.douban.com/subject/6846893/",
"怪兽大学 / Monsters University","5","2019-04-04","https://movie.douban.com/subject/3789848/",
"怪兽电力公司 / Monsters, Inc.","5","2019-04-04","https://movie.douban.com/subject/1291579/",
"功夫熊猫3 / Kung Fu Panda 3","5","2019-04-04","https://movie.douban.com/subject/11589036/",
"毒液：致命守护者 / Venom","4","2019-04-04","https://movie.douban.com/subject/3168101/",
"超人总动员2 / Incredibles 2","5","2019-04-04","https://movie.douban.com/subject/25849049/",
"黑豹 / Black Panther","4","2019-04-04","https://movie.douban.com/subject/6390825/",
"蝙蝠侠：黑暗骑士崛起 / The Dark Knight Rises","5","2019-04-04","https://movie.douban.com/subject/3395373/",
"超能陆战队 / Big Hero 6","5","2019-04-04","https://movie.douban.com/subject/11026735/",
"绿皮书 / Green Book","5","2019-04-05","https://movie.douban.com/subject/27060077/",
"神探夏洛克：可恶的新娘 / Sherlock: The Abominable Bride","5","2019-04-05","https://movie.douban.com/subject/25920885/",
"神探夏洛克 第三季 / Sherlock Season 3","5","2019-04-05","https://movie.douban.com/subject/10455629/",
"神探夏洛克  第二季 / Sherlock Season 2","5","2019-04-05","https://movie.douban.com/subject/6522269/",
"神探夏洛克 第四季 / Sherlock Season 4","5","2019-04-05","https://movie.douban.com/subject/25750923/",
"神探夏洛克 第一季 / Sherlock Season 1","5","2019-04-05","https://movie.douban.com/subject/3986493/",
"生活大爆炸 第九季 / The Big Bang Theory Season 9","5","2019-04-05","https://movie.douban.com/subject/25845400/",
"生活大爆炸 第六季 / The Big Bang Theory Season 6","5","2019-04-05","https://movie.douban.com/subject/10561953/",
"生活大爆炸 第十季 / The Big Bang Theory Season 10","5","2019-04-05","https://movie.douban.com/subject/25845401/",
"生活大爆炸 第八季 / The Big Bang Theory Season 8","5","2019-04-05","https://movie.douban.com/subject/25845393/",
"破产姐妹 第三季 / 2 Broke Girls Season 3","2","2019-04-05","https://movie.douban.com/subject/23055587/",
"生活大爆炸 第七季 / The Big Bang Theory Season 7","5","2019-04-05","https://movie.douban.com/subject/21339708/",
"老友记  第五季 / Friends Season 5","5","2019-04-05","https://movie.douban.com/subject/3286538/",
"生活大爆炸  第五季 / The Big Bang Theory Season 5","5","2019-04-05","https://movie.douban.com/subject/6557005/",
"生活大爆炸 第十一季 / The Big Bang Theory Season 11","5","2019-04-05","https://movie.douban.com/subject/27000999/",
"破产姐妹 第二季 / 2 Broke Girls Season 2","2","2019-04-05","https://movie.douban.com/subject/10727268/",
"老友记  第三季 / Friends Season 3","5","2019-04-05","https://movie.douban.com/subject/3286531/",
"生活大爆炸  第三季 / The Big Bang Theory Season 3","5","2019-04-05","https://movie.douban.com/subject/3990470/",
"老友记  第六季 / Friends Season 6","5","2019-04-05","https://movie.douban.com/subject/3286543/",
"老友记  第七季 / Friends Season 7","5","2019-04-05","https://movie.douban.com/subject/3286547/",
"老友记 第二季 / Friends Season 2","5","2019-04-05","https://movie.douban.com/subject/3286528/",
"生活大爆炸  第四季 / The Big Bang Theory Season 4","5","2019-04-05","https://movie.douban.com/subject/4804079/",
"老友记  第四季 / Friends Season 4","5","2019-04-05","https://movie.douban.com/subject/3286536/",
"生活大爆炸  第二季 / The Big Bang Theory Season 2","5","2019-04-05","https://movie.douban.com/subject/3190880/",
"生活大爆炸  第一季 / The Big Bang Theory Season 1","5","2019-04-05","https://movie.douban.com/subject/2156528/",
"破产姐妹 第一季 / 2 Broke Girls Season 1","2","2019-04-05","https://movie.douban.com/subject/6395245/",
"老友记 第一季 / Friends Season 1","5","2019-04-05","https://movie.douban.com/subject/1393859/",
"猫女 / Catwoman","3","2019-04-05","https://movie.douban.com/subject/1308771/",
"超人归来 / Superman Returns","3","2019-04-05","https://movie.douban.com/subject/1418191/",
"天将雄师","3","2019-04-05","https://movie.douban.com/subject/25823833/",
"绝地逃亡 / Skiptrace","4","2019-04-05","https://movie.douban.com/subject/24529353/",
"西游记之孙悟空三打白骨精","2","2019-04-05","https://movie.douban.com/subject/25827963/",
"激战 / 激戰","4","2019-04-05","https://movie.douban.com/subject/20388223/",
"祖宗十九代","4","2019-04-05","https://movie.douban.com/subject/27114417/",
"西游记之大闹天宫","5","2019-04-05","https://movie.douban.com/subject/5317291/",
"整容日记","3","2019-04-05","https://movie.douban.com/subject/11614603/",
"叶问3","3","2019-04-05","https://movie.douban.com/subject/11598977/",
"警察故事2013","3","2019-04-05","https://movie.douban.com/subject/20266753/",
"大闹天竺","2","2019-04-05","https://movie.douban.com/subject/26389696/",
"功夫瑜伽","3","2019-04-05","https://movie.douban.com/subject/26182910/",
"九层妖塔","2","2019-04-05","https://movie.douban.com/subject/24827406/",
"胖子行动队","1","2019-04-05","https://movie.douban.com/subject/27149818/",
"澳门风云2 / 賭城風雲II","3","2019-04-05","https://movie.douban.com/subject/25858785/",
"狄仁杰之神都龙王","3","2019-04-05","https://movie.douban.com/subject/5996801/",
"叶问2：宗师传奇 / 葉問2","5","2019-04-05","https://movie.douban.com/subject/3578981/",
"澳门风云3 / 賭城風雲III","4","2019-04-05","https://movie.douban.com/subject/26334559/",
"万万没想到","2","2019-04-05","https://movie.douban.com/subject/26320029/",
"天气预爆","1","2019-04-05","https://movie.douban.com/subject/26994789/",
"宝莲灯","5","2019-04-05","https://movie.douban.com/subject/1299643/",
"恶棍天使","4","2019-04-05","https://movie.douban.com/subject/26290365/",
"澳门风云 / 賭城風雲","4","2019-04-05","https://movie.douban.com/subject/11625097/",
"悟空传","3","2019-04-05","https://movie.douban.com/subject/26035290/",
"幕后玩家","4","2019-04-05","https://movie.douban.com/subject/26774033/",
"智取威虎山","5","2019-04-05","https://movie.douban.com/subject/10807909/",
"长江七号","4","2019-04-05","https://movie.douban.com/subject/1961963/",
"叶问 / 葉問","5","2019-04-05","https://movie.douban.com/subject/3041806/",
"战狼","3","2019-04-05","https://movie.douban.com/subject/24753810/",
"唐山大地震","5","2019-04-05","https://movie.douban.com/subject/3596502/",
"煎饼侠","2","2019-04-05","https://movie.douban.com/subject/25895276/",
"金陵十三钗","5","2019-04-05","https://movie.douban.com/subject/3649049/",
"解救吾先生","4","2019-04-05","https://movie.douban.com/subject/25798448/",
"妖猫传","2","2019-04-05","https://movie.douban.com/subject/5350027/",
"后会无期","4","2019-04-05","https://movie.douban.com/subject/25805741/",
"捉妖记","4","2019-04-05","https://movie.douban.com/subject/25723907/",
"港囧","5","2019-04-05","https://movie.douban.com/subject/25710912/",
"老炮儿","5","2019-04-05","https://movie.douban.com/subject/24751756/",
"湄公河行动","5","2019-04-05","https://movie.douban.com/subject/25815034/",
"羞羞的铁拳","4","2019-04-05","https://movie.douban.com/subject/27038183/",
"人再囧途之泰囧","4","2019-04-05","https://movie.douban.com/subject/10574622/",
"战狼2","3","2019-04-05","https://movie.douban.com/subject/26363254/",
"唐人街探案","3","2019-04-05","https://movie.douban.com/subject/26311973/",
"夏洛特烦恼","5","2019-04-05","https://movie.douban.com/subject/25964071/",
"功夫","5","2019-04-05","https://movie.douban.com/subject/1291543/",
"红海行动","5","2019-04-05","https://movie.douban.com/subject/26861685/",
"美人鱼","3","2019-04-05","https://movie.douban.com/subject/19944106/",
"让子弹飞","5","2019-04-05","https://movie.douban.com/subject/3742360/",
"唐人街探案2","2","2019-04-05","https://movie.douban.com/subject/26698897/",
"西虹市首富","5","2019-04-05","https://movie.douban.com/subject/27605698/",
"无双 / 無雙","4","2019-04-05","https://movie.douban.com/subject/26425063/",
"流浪地球","4","2019-04-05","https://movie.douban.com/subject/26266893/",
"黄金罗盘 / The Golden Compass","5","2019-04-05","https://movie.douban.com/subject/1585146/",
"回到未来3 / Back to the Future Part III","5","2019-04-05","https://movie.douban.com/subject/1296666/",
"极乐空间 / Elysium","5","2019-04-05","https://movie.douban.com/subject/4116481/",
"回到未来2 / Back to the Future Part II","5","2019-04-05","https://movie.douban.com/subject/1299092/",
"青蜂侠 / The Green Hornet","5","2019-04-05","https://movie.douban.com/subject/2147836/",
"丁丁历险记 / The Adventures of Tintin: The Secret of the Unicorn","5","2019-04-05","https://movie.douban.com/subject/2028669/",
"极限特工 / xXx","4","2019-04-05","https://movie.douban.com/subject/1306737/",
"纳尼亚传奇2：凯斯宾王子 / The Chronicles of Narnia: Prince Cas...","5","2019-04-05","https://movie.douban.com/subject/1585236/",
"机械战警 / RoboCop","5","2019-04-05","https://movie.douban.com/subject/3077742/",
"女间谍 / Spy","5","2019-04-05","https://movie.douban.com/subject/25752261/",
"创：战纪 / Tron: Legacy","3","2019-04-05","https://movie.douban.com/subject/2997134/",
"蓝精灵 / The Smurfs","4","2019-04-05","https://movie.douban.com/subject/2159331/",
"钟馗伏魔：雪妖魔灵","1","2019-04-05","https://movie.douban.com/subject/25713420/",
"地心历险记2：神秘岛 / Journey 2: The Mysterious Island","4","2019-04-05","https://movie.douban.com/subject/3606973/",
"007：大破量子危机 / Quantum of Solace","5","2019-04-05","https://movie.douban.com/subject/1946882/",
"地心历险记 / Journey to the Center of the Earth","4","2019-04-05","https://movie.douban.com/subject/2037833/",
"天才眼镜狗 / Mr. Peabody & Sherman","5","2019-04-05","https://movie.douban.com/subject/3101548/",
"像素大战 / Pixels","5","2019-04-05","https://movie.douban.com/subject/25838463/",
"功夫梦 / The Karate Kid","5","2019-04-05","https://movie.douban.com/subject/3074503/",
"战马 / War Horse","5","2019-04-05","https://movie.douban.com/subject/4206436/",
"机械师 / The Mechanic","5","2019-04-05","https://movie.douban.com/subject/3006783/",
"极盗者 / Point Break","5","2019-04-05","https://movie.douban.com/subject/25809384/",
"忍者神龟2：破影而出 / Teenage Mutant Ninja Turtles: Out of the...","3","2019-04-05","https://movie.douban.com/subject/25955779/",
"极盗车神 / Baby Driver","5","2019-04-05","https://movie.douban.com/subject/25933890/",
"回到未来 / Back to the Future","5","2019-04-05","https://movie.douban.com/subject/1300555/",
"勇敢者游戏：决战丛林 / Jumanji: Welcome to the Jungle","4","2019-04-05","https://movie.douban.com/subject/26586766/",
"机械师2：复活 / Mechanic: Resurrection","3","2019-04-05","https://movie.douban.com/subject/25825412/",
"赛车总动员2 / Cars 2","4","2019-04-05","https://movie.douban.com/subject/3036478/",
"007：幽灵党 / Spectre","4","2019-04-05","https://movie.douban.com/subject/11620560/",
"欢乐好声音 / Sing","5","2019-04-05","https://movie.douban.com/subject/26354572/",
"冒牌天神 / Bruce Almighty","5","2019-04-05","https://movie.douban.com/subject/1297018/",
"007：大破天幕杀机 / Skyfall","5","2019-04-05","https://movie.douban.com/subject/2363876/",
"安德的游戏 / Ender's Game","3","2019-04-05","https://movie.douban.com/subject/5323957/",
"铁甲钢拳 / Real Steel","5","2019-04-05","https://movie.douban.com/subject/1972729/",
"达·芬奇密码 / The Da Vinci Code","4","2019-04-05","https://movie.douban.com/subject/1329950/",
"马戏之王 / The Greatest Showman","5","2019-04-05","https://movie.douban.com/subject/3914513/",
"谍影重重5 / Jason Bourne","5","2019-04-05","https://movie.douban.com/subject/26266072/",
"王牌保镖 / The Hitman's Bodyguard","5","2019-04-05","https://movie.douban.com/subject/22266126/",
"黑衣人2 / Men in Black II","4","2019-04-05","https://movie.douban.com/subject/1295280/",
"万物理论 / The Theory of Everything","5","2019-04-05","https://movie.douban.com/subject/24815950/",
"碟中谍2 / Mission: Impossible II","3","2019-04-05","https://movie.douban.com/subject/1298525/",
"碟中谍3 / Mission: Impossible III","4","2019-04-05","https://movie.douban.com/subject/1401533/",
"博物馆奇妙夜2 / Night at the Museum: Battle of the Smithsonian","4","2019-04-05","https://movie.douban.com/subject/2257732/",
"速度与激情2 / 2 Fast 2 Furious","5","2019-04-05","https://movie.douban.com/subject/1307442/",
"小鬼当家2 / Home Alone 2: Lost in New York","5","2019-04-05","https://movie.douban.com/subject/1293353/",
"速度与激情4 / Fast & Furious","5","2019-04-05","https://movie.douban.com/subject/2132930/",
"遗愿清单 / The Bucket List","4","2019-04-05","https://movie.douban.com/subject/1867345/",
"黑衣人3 / Men in Black III","4","2019-04-05","https://movie.douban.com/subject/3642835/",
"碟中谍 / Mission: Impossible","5","2019-04-05","https://movie.douban.com/subject/1292484/",
"玩具总动员2 / Toy Story 2","5","2019-04-05","https://movie.douban.com/subject/1291574/",
"萨利机长 / Sully","3","2019-04-05","https://movie.douban.com/subject/26416603/",
"谍影重重2 / The Bourne Supremacy","5","2019-04-05","https://movie.douban.com/subject/1308767/",
"E.T.外星人 / E.T. the Extra-Terrestrial","5","2019-04-05","https://movie.douban.com/subject/1294638/",
"速度与激情 / The Fast and the Furious","5","2019-04-05","https://movie.douban.com/subject/1304899/",
"谍影重重3 / The Bourne Ultimatum","5","2019-04-05","https://movie.douban.com/subject/1578507/",
"金刚：骷髅岛 / Kong: Skull Island","4","2019-04-05","https://movie.douban.com/subject/26309788/",
"黑衣人 / Men in Black","5","2019-04-05","https://movie.douban.com/subject/1301445/",
"狂暴巨兽 / Rampage","4","2019-04-05","https://movie.douban.com/subject/26430636/",
"碟中谍4 / Mission: Impossible - Ghost Protocol","5","2019-04-05","https://movie.douban.com/subject/3068206/",
"博物馆奇妙夜 / Night at the Museum","5","2019-04-05","https://movie.douban.com/subject/1835843/",
"长城 / The Great Wall","2","2019-04-05","https://movie.douban.com/subject/6982558/",
"瞒天过海：美人计 / Ocean's Eight","3","2019-04-05","https://movie.douban.com/subject/26654269/",
"帕丁顿熊2 / Paddington 2","4","2019-04-05","https://movie.douban.com/subject/26340419/",
"速度与激情5 / Fast Five","3","2019-04-05","https://movie.douban.com/subject/4286017/",
"环太平洋：雷霆再起 / Pacific Rim: Uprising","2","2019-04-05","https://movie.douban.com/subject/20435622/",
"霍比特人1：意外之旅 / The Hobbit: An Unexpected Journey","5","2019-04-05","https://movie.douban.com/subject/1966182/",
"玩具总动员3 / Toy Story 3","5","2019-04-05","https://movie.douban.com/subject/1858711/",
"超人总动员 / The Incredibles","4","2019-04-05","https://movie.douban.com/subject/1291577/",
"摩天营救 / Skyscraper","3","2019-04-05","https://movie.douban.com/subject/26804147/",
"玩具总动员 / Toy Story","5","2019-04-05","https://movie.douban.com/subject/1291575/",
"速度与激情6 / Furious 6","5","2019-04-05","https://movie.douban.com/subject/6537500/",
"惊天魔盗团2 / Now You See Me 2","5","2019-04-05","https://movie.douban.com/subject/25662337/",
"一条狗的使命 / A Dog's Purpose","5","2019-04-05","https://movie.douban.com/subject/6873143/",
"速度与激情8 / The Fate of the Furious","3","2019-04-05","https://movie.douban.com/subject/26260853/",
"王牌特工2：黄金圈 / Kingsman: The Golden Circle","3","2019-04-05","https://movie.douban.com/subject/26378579/",
"小鬼当家 / Home Alone","4","2019-04-05","https://movie.douban.com/subject/1293088/",
"头脑特工队 / Inside Out","3","2019-04-05","https://movie.douban.com/subject/10533913/",
"心灵捕手 / Good Will Hunting","5","2019-04-05","https://movie.douban.com/subject/1292656/",
"穿普拉达的女王 / The Devil Wears Prada","5","2019-04-05","https://movie.douban.com/subject/1482072/",
"惊天魔盗团 / Now You See Me","5","2019-04-05","https://movie.douban.com/subject/6517421/",
"侏罗纪世界2 / Jurassic World: Fallen Kingdom","5","2019-04-05","https://movie.douban.com/subject/26416062/",
"功夫熊猫 / Kung Fu Panda","5","2019-04-05","https://movie.douban.com/subject/1783457/",
"功夫熊猫2 / Kung Fu Panda 2","5","2019-04-05","https://movie.douban.com/subject/3233635/",
"王牌特工：特工学院 / Kingsman: The Secret Service","4","2019-04-05","https://movie.douban.com/subject/24405378/",
"末日崩塌 / San Andreas","5","2019-04-05","https://movie.douban.com/subject/25786077/",
"速度与激情7 / Furious 7","5","2019-04-05","https://movie.douban.com/subject/23761370/",
"驯龙高手 / How to Train Your Dragon","5","2019-04-05","https://movie.douban.com/subject/2353023/",
"血战钢锯岭 / Hacksaw Ridge","5","2019-04-05","https://movie.douban.com/subject/26325320/",
"2012","5","2019-04-05","https://movie.douban.com/subject/3005875/",
"加勒比海盗 / Pirates of the Caribbean: The Curse of the Black ...","5","2019-04-05","https://movie.douban.com/subject/1298070/",
"驯龙高手3 / How to Train Your Dragon: The Hidden World","5","2019-04-05","https://movie.douban.com/subject/19899707/",
"乐高星球大战：学徒危机 / Lego Star Wars: The Padawan Menace","4","2019-04-05","https://movie.douban.com/subject/6965624/",
"星球大战前传3：西斯的反击 / Star Wars: Episode III - Revenge o...","4","2019-04-05","https://movie.douban.com/subject/1309078/",
"星球大战前传2：克隆人的进攻 / Star Wars: Episode II - Attack o...","4","2019-04-05","https://movie.douban.com/subject/1297785/",
"星球大战3：绝地归来 / Star Wars: Episode VI - Return of the Jedi","5","2019-04-05","https://movie.douban.com/subject/1297151/",
"星球大战2：帝国反击战 / Star Wars: Episode V - The Empire Stri...","4","2019-04-05","https://movie.douban.com/subject/1296528/",
"星球大战前传1：幽灵的威胁 / Star Wars: Episode I - The Phantom...","4","2019-04-05","https://movie.douban.com/subject/1294362/",
"星球大战 / Star Wars","5","2019-04-05","https://movie.douban.com/subject/1293838/",
"星球大战7：原力觉醒 / Star Wars: The Force Awakens","4","2019-04-05","https://movie.douban.com/subject/20326665/",
"星际宝贝史迪奇 / Stitch! The Movie","5","2019-04-05","https://movie.douban.com/subject/1401603/",
"彼得的龙 / Pete's Dragon","5","2019-04-05","https://movie.douban.com/subject/24299052/",
"海底总动员2：多莉去哪儿 / Finding Dory","5","2019-04-05","https://movie.douban.com/subject/11524967/",
"海洋奇缘 / Moana","4","2019-04-05","https://movie.douban.com/subject/25793398/",
"爱丽丝梦游仙境2：镜中奇遇记 / Alice Through the Looking Glass","4","2019-04-05","https://movie.douban.com/subject/21441132/",
"加勒比海盗4：惊涛怪浪 / Pirates of the Caribbean: On Stranger ...","4","2019-04-05","https://movie.douban.com/subject/3227410/",
"海底总动员 / Finding Nemo","5","2019-04-05","https://movie.douban.com/subject/1291586/",
"冰雪奇缘 / Frozen","5","2019-04-05","https://movie.douban.com/subject/4202982/",
"火星救援 / The Martian","5","2019-04-05","https://movie.douban.com/subject/25864085/",
"星际迷航 / Star Trek","4","2019-04-05","https://movie.douban.com/subject/2132932/",
"环太平洋 / Pacific Rim","5","2019-04-05","https://movie.douban.com/subject/5323968/",
"星际迷航2：暗黑无界 / Star Trek Into Darkness","5","2019-04-05","https://movie.douban.com/subject/3642843/",
"我，机器人 / I, Robot","4","2019-04-05","https://movie.douban.com/subject/1308843/",
"地心抢险记 / The Core","4","2019-04-05","https://movie.douban.com/subject/1300092/",
"明日边缘 / Edge of Tomorrow","4","2019-04-05","https://movie.douban.com/subject/4746257/",
"飞驰人生","5","2019-04-05","https://movie.douban.com/subject/30163509/",
"哈利·波特与死亡圣器(下) / Harry Potter and the Deathly Hallow...","5","2019-04-05","https://movie.douban.com/subject/3011235/",
"哈利·波特与魔法石 / Harry Potter and the Sorcerer's Stone","5","2019-04-05","https://movie.douban.com/subject/1295038/",
"哈利·波特与死亡圣器(上) / Harry Potter and the Deathly Hallow...","4","2019-04-05","https://movie.douban.com/subject/2051007/",
"哈利·波特与混血王子 / Harry Potter and the Half-Blood Prince","5","2019-04-05","https://movie.douban.com/subject/1433330/",
"哈利·波特与密室 / Harry Potter and the Chamber of Secrets","5","2019-04-05","https://movie.douban.com/subject/1296996/",
"哈利·波特与阿兹卡班的囚徒 / Harry Potter and the Prisoner of ...","5","2019-04-05","https://movie.douban.com/subject/1291544/",
"哈利·波特与凤凰社 / Harry Potter and the Order of the Phoenix","5","2019-04-05","https://movie.douban.com/subject/1457217/",
"哈利·波特与火焰杯 / Harry Potter and the Goblet of Fire","5","2019-04-05","https://movie.douban.com/subject/1309055/",
"加勒比海盗3：世界的尽头 / Pirates of the Caribbean: At World's...","5","2019-04-05","https://movie.douban.com/subject/1418192/",
"加勒比海盗2：亡灵的宝藏 / Pirates of the Caribbean: Dead Man's...","4","2019-04-05","https://movie.douban.com/subject/1315574/",
"地心引力 / Gravity","5","2019-04-05","https://movie.douban.com/subject/3793783/",
"霍比特人3：五军之战 / The Hobbit: The Battle of the Five Armies","5","2019-04-05","https://movie.douban.com/subject/2973079/",
"赛车总动员 / Cars","5","2019-04-05","https://movie.douban.com/subject/1428878/",
"奇幻森林 / The Jungle Book","5","2019-04-05","https://movie.douban.com/subject/25777636/",
"疯狂外星人 / Home","4","2019-04-05","https://movie.douban.com/subject/10827341/",
"爱宠大机密 / The Secret Life of Pets","4","2019-04-05","https://movie.douban.com/subject/21817627/",
"变形金刚3 / Transformers: Dark of the Moon","5","2019-04-05","https://movie.douban.com/subject/3610047/",
"变形金刚4：绝迹重生 / Transformers: Age of Extinction","3","2019-04-05","https://movie.douban.com/subject/7054604/",
"变形金刚5：最后的骑士 / Transformers: The Last Knight","3","2019-04-05","https://movie.douban.com/subject/25824686/",
"巨齿鲨 / The Meg","3","2019-04-05","https://movie.douban.com/subject/26426194/",
"致命魔术 / The Prestige","5","2019-04-05","https://movie.douban.com/subject/1780330/",
"大黄蜂 / Bumblebee","5","2019-04-05","https://movie.douban.com/subject/26394152/",
"蝙蝠侠大战罗宾 / Batman vs. Robin","4","2019-04-05","https://movie.douban.com/subject/26306997/",
"乐高DC超级英雄：正义联盟之末日军团的进攻 / LEGO DC Super Heroe...","4","2019-04-05","https://movie.douban.com/subject/26588820/",
"蝙蝠侠：哥谭骑士 / Batman: Gotham Knight","3","2019-04-05","https://movie.douban.com/subject/2988294/",
"蝙蝠侠之子 / Son of Batman","4","2019-04-05","https://movie.douban.com/subject/25815577/",
"乐高DC超级英雄：闪电侠 / Lego DC Comics Super Heroes: The Flash","5","2019-04-05","https://movie.douban.com/subject/27609141/",
"蝙蝠侠：血脉恩仇 / Batman: Bad Blood","4","2019-04-05","https://movie.douban.com/subject/26599752/",
"正义联盟：亚特兰蒂斯的宝座 / Justice League: Throne of Atlantis","3","2019-04-05","https://movie.douban.com/subject/25980500/",
"正义联盟：战争 / Justice League: War","5","2019-04-05","https://movie.douban.com/subject/25760447/",
"超人之死 / The Death of Superman","5","2019-04-05","https://movie.douban.com/subject/27098364/",
"超人王朝 / Reign of the Supermen","4","2019-04-05","https://movie.douban.com/subject/27098365/",
"自杀小队：严厉惩罚 / Suicide Squad: Hell to Pay","5","2019-04-05","https://movie.douban.com/subject/27098363/",
"乐高大电影 / The Lego Movie","4","2019-04-05","https://movie.douban.com/subject/3927734/",
"绿灯侠 / Green Lantern","4","2019-04-05","https://movie.douban.com/subject/2364054/",
"守望者 / Watchmen","4","2019-04-05","https://movie.douban.com/subject/1972698/",
"自杀小队 / Suicide Squad","4","2019-04-05","https://movie.douban.com/subject/3569910/",
"蝙蝠侠大战超人：正义黎明 / Batman v Superman: Dawn of Justice","5","2019-04-05","https://movie.douban.com/subject/24750534/",
"惩罚者 第一季 / The Punisher Season 1","5","2019-04-05","https://movie.douban.com/subject/26710394/",
"闪电侠 第一季 / The Flash Season 1","4","2019-04-05","https://movie.douban.com/subject/24883222/",
"神盾局特工 第二季 / Agents of S.H.I.E.L.D. Season 2","3","2019-04-05","https://movie.douban.com/subject/25851827/",
"神盾局特工 第一季 / Agents of S.H.I.E.L.D. Season 1","3","2019-04-05","https://movie.douban.com/subject/19938222/",
"灵魂战车2：复仇时刻 / Ghost Rider: Spirit of Vengeance","3","2019-04-05","https://movie.douban.com/subject/3077408/",
"灵魂战车 / Ghost Rider","3","2019-04-05","https://movie.douban.com/subject/1482077/",
"绿巨人浩克 / Hulk","3","2019-04-05","https://movie.douban.com/subject/1307354/",
"蜘蛛侠3 / Spider-Man 3","5","2019-04-05","https://movie.douban.com/subject/1418189/",
"X战警2 / X2","4","2019-04-05","https://movie.douban.com/subject/1305724/",
"X战警3：背水一战 / X-Men: The Last Stand","5","2019-04-05","https://movie.douban.com/subject/1401524/",
"金刚狼2 / The Wolverine","4","2019-04-05","https://movie.douban.com/subject/3718424/",
"蜘蛛侠2 / Spider-Man 2","4","2019-04-05","https://movie.douban.com/subject/1308570/",
"蜘蛛侠 / Spider-Man","5","2019-04-05","https://movie.douban.com/subject/1306612/",
"金刚狼3：殊死一战 / Logan","5","2019-04-05","https://movie.douban.com/subject/25765735/",
"雷神 / Thor","4","2019-04-05","https://movie.douban.com/subject/1866471/",
"美国队长3 / Captain America: Civil War","4","2019-04-05","https://movie.douban.com/subject/25820460/",
"美国队长 / Captain America: The First Avenger","3","2019-04-05","https://movie.douban.com/subject/2138838/",
"钢铁侠 / Iron Man","5","2019-04-05","https://movie.douban.com/subject/1432146/",
"惊奇队长 / Captain Marvel","2","2019-04-05","https://movie.douban.com/subject/26213252/",
"惩罚者 第二季 / The Punisher Season 2","5","2019-04-05","https://movie.douban.com/subject/27604388/",
"星际宝贝 / Lilo & Stitch","5","2019-04-05","https://movie.douban.com/subject/1307547/",
"正义联盟：闪点悖论 / Justice League: The Flashpoint Paradox","4","2019-04-05","https://movie.douban.com/subject/24718965/",
"我不是药神","5","2019-04-05","https://movie.douban.com/subject/26752088/",
"变形金刚2 / Transformers: Revenge of the Fallen","5","2019-04-05","https://movie.douban.com/subject/2146991/",
"蝙蝠侠：侠影之谜 / Batman Begins","4","2019-04-05","https://movie.douban.com/subject/1309069/",
"敦刻尔克 / Dunkirk","5","2019-04-05","https://movie.douban.com/subject/26607693/",
"阿丽塔：战斗天使 / Alita: Battle Angel","5","2019-04-05","https://movie.douban.com/subject/1652592/",
"X战警：第一战 / X-Men: First Class","4","2019-04-05","https://movie.douban.com/subject/3168089/",
"金刚狼 / X-Men Origins: Wolverine","4","2019-04-05","https://movie.douban.com/subject/1792928/",
"天降美食2 / Cloudy with a Chance of Meatballs 2","4","2019-04-05","https://movie.douban.com/subject/7065417/",
"星球大战外传：侠盗一号 / Rogue One: A Star Wars Story","4","2019-04-05","https://movie.douban.com/subject/25894431/",
"星球大战8：最后的绝地武士 / Star Wars: The Last Jedi","4","2019-04-05","https://movie.douban.com/subject/22265634/",
"星际迷航3：超越星辰 / Star Trek Beyond","4","2019-04-05","https://movie.douban.com/subject/22939161/",
"乐高蝙蝠侠大电影 / The Lego Batman Movie","5","2019-04-05","https://movie.douban.com/subject/26145033/",
"神偷奶爸2 / Despicable Me 2","4","2019-04-05","https://movie.douban.com/subject/4915857/",
"超凡蜘蛛侠 / The Amazing Spider-Man","4","2019-04-05","https://movie.douban.com/subject/2129132/",
"侏罗纪世界 / Jurassic World","4","2019-04-05","https://movie.douban.com/subject/10440138/",
"钢铁侠2 / Iron Man 2","4","2019-04-05","https://movie.douban.com/subject/3066739/",
"驯龙高手2 / How to Train Your Dragon 2","4","2019-04-05","https://movie.douban.com/subject/4824512/",
"复仇者联盟2：奥创纪元 / Avengers: Age of Ultron","4","2019-04-05","https://movie.douban.com/subject/10741834/",
"死侍 / Deadpool","5","2019-04-05","https://movie.douban.com/subject/3718279/",
"天才少女 / Gifted","5","2019-04-07","https://movie.douban.com/subject/26593587/",
"肖申克的救赎 / The Shawshank Redemption","5","2019-04-07","https://movie.douban.com/subject/1292052/",
"喜剧之王 / 喜劇之王","4","2019-04-07","https://movie.douban.com/subject/1302425/",
"女狙击手 / Битва за Севастополь","5","2019-04-07","https://movie.douban.com/subject/26356495/",
"神兵小将1 上部","5","2019-04-08","https://movie.douban.com/subject/22735528/",
"米奇妙妙屋 第一季 / Mickey Mouse Clubhouse Season 1","4","2019-04-08","https://movie.douban.com/subject/4807936/",
"楚门的世界 / The Truman Show","5","2019-04-11","https://movie.douban.com/subject/1292064/",
"复仇者联盟4：终局之战 / Avengers: Endgame","5","2019-04-27","https://movie.douban.com/subject/26100958/",
"猫鼠游戏 / Catch Me If You Can","5","2019-05-29","https://movie.douban.com/subject/1305487/",
"荒岛余生 / Cast Away","5","2019-08-30","https://movie.douban.com/subject/1298653/",
"切尔诺贝利 / Chernobyl","5","2019-08-30","https://movie.douban.com/subject/27098632/",
"唐顿庄园 第三季 / Downton Abbey Season 3","5","2019-08-30","https://movie.douban.com/subject/6985315/",
"唐顿庄园 第二季 / Downton Abbey Season 2","5","2019-08-30","https://movie.douban.com/subject/5990367/",
"唐顿庄园  第一季 / Downton Abbey Season 1","5","2019-08-30","https://movie.douban.com/subject/4769314/",
"黑袍纠察队 第一季 / The Boys Season 1","5","2019-08-30","https://movie.douban.com/subject/3703650/",
"权力的游戏 第七季 / Game of Thrones Season 7","5","2019-08-30","https://movie.douban.com/subject/26235354/",
"权力的游戏 第六季 / Game of Thrones Season 6","5","2019-08-30","https://movie.douban.com/subject/25862357/",
"权力的游戏 第五季 / Game of Thrones Season 5","5","2019-08-30","https://movie.douban.com/subject/25826612/",
"权力的游戏 第四季 / Game of Thrones Season 4","5","2019-08-30","https://movie.douban.com/subject/23232876/",
"权力的游戏 第三季 / Game of Thrones Season 3","5","2019-08-30","https://movie.douban.com/subject/10590706/",
"权力的游戏  第二季 / Game of Thrones Season 2","5","2019-08-30","https://movie.douban.com/subject/6558062/",
"权力的游戏 第一季 / Game of Thrones Season 1","5","2019-08-30","https://movie.douban.com/subject/3016187/",
"权力的游戏 第八季 / Game of Thrones Season 8","4","2019-08-30","https://movie.douban.com/subject/26584183/",
"生活大爆炸 第十二季 / The Big Bang Theory Season 12","5","2019-08-30","https://movie.douban.com/subject/27001001/",
"源代码 / Source Code","5","2019-08-30","https://movie.douban.com/subject/3075287/",
"三块广告牌 / Three Billboards Outside Ebbing, Missouri","5","2019-08-30","https://movie.douban.com/subject/26611804/",
"幸福终点站 / The Terminal","5","2019-08-30","https://movie.douban.com/subject/1292274/",
"超脱 / Detachment","5","2019-08-30","https://movie.douban.com/subject/5322596/",
"碟中谍5：神秘国度 / Mission: Impossible - Rogue Nation","4","2019-08-30","https://movie.douban.com/subject/10727641/",
"蜘蛛侠：英雄远征 / Spider-Man: Far from Home","","2019-08-30","https://movie.douban.com/subject/26931786/",
"无敌浩克 / The Incredible Hulk","3","2019-08-30","https://movie.douban.com/subject/1866475/",
"冰川时代2 / Ice Age: The Meltdown","4","2019-11-22","https://movie.douban.com/subject/1437342/",
"冰川时代3 / Ice Age: Dawn of the Dinosaurs","4","2019-11-22","https://movie.douban.com/subject/2357162/",
"谍影重重 / The Bourne Identity","4","2019-11-22","https://movie.douban.com/subject/1304102/",
"小丑 / Joker","5","2019-11-22","https://movie.douban.com/subject/27119724/",
"利刃出鞘 / Knives Out","5","2019-11-30","https://movie.douban.com/subject/30318116/",
"雷霆沙赞！ / Shazam!","3","2019-11-30","https://movie.douban.com/subject/2244426/",
"终极蜘蛛侠 第一季 / Ultimate Spider-Man Season 1","4","2019-12-14","https://movie.douban.com/subject/5325327/",
"47号物品 / Marvel One-Shot: Item 47","3","2019-12-14","https://movie.douban.com/subject/11498724/",
"捉妖记2","1","2019-12-14","https://movie.douban.com/subject/26575103/",
"西游记之大圣归来","4","2019-12-14","https://movie.douban.com/subject/26277313/",
"哪吒之魔童降世","4","2019-12-14","https://movie.douban.com/subject/26794435/",
"速度与激情：特别行动 / Fast & Furious Presents: Hobbs & Shaw","4","2020-02-01","https://movie.douban.com/subject/27163278/",
"冰雪奇缘：生日惊喜 / Frozen Fever","4","2020-02-06","https://movie.douban.com/subject/25977198/",
"冰雪奇缘2 / Frozen II","5","2020-02-06","https://movie.douban.com/subject/25887288/",
"我和我的祖国","4","2020-02-06","https://movie.douban.com/subject/32659890/",
"美利坚女士 / Taylor Swift: Miss Americana","5","2020-02-06","https://movie.douban.com/subject/34907421/",
"天线宝宝 / Teletubbies","5","2020-02-06","https://movie.douban.com/subject/1507332/",
"良医 第一季 / The Good Doctor Season 1","5","2020-02-07","https://movie.douban.com/subject/26888731/",
"曼达洛人 第一季 / The Mandalorian Season 1","5","2020-02-07","https://movie.douban.com/subject/30344167/",
"利器 / Sharp Objects","5","2020-02-16","https://movie.douban.com/subject/26252279/",
"富豪谷底求翻身 第一季 / Undercover Billionaire Season 1","5","2020-02-16","https://movie.douban.com/subject/34806351/",
"爱，死亡和机器人 第一季 / Love, Death & Robots Season 1","5","2020-02-16","https://movie.douban.com/subject/30424374/",
"瑞克和莫蒂 第四季 / Rick and Morty Season 4","5","2020-02-17","https://movie.douban.com/subject/27166039/",
"瑞克和莫蒂 第三季 / Rick and Morty Season 3","5","2020-02-17","https://movie.douban.com/subject/26592971/",
"瑞克和莫蒂 第二季 / Rick and Morty Season 2","5","2020-02-17","https://movie.douban.com/subject/25865470/",
"瑞克和莫蒂 第一季 / Rick and Morty Season 1","5","2020-02-17","https://movie.douban.com/subject/11537954/",
"年少轻狂 第二季 / The Young Offenders Season 2","5","2020-02-17","https://movie.douban.com/subject/30399803/",
"年少轻狂 第一季 / The Young Offenders Season 1","5","2020-02-17","https://movie.douban.com/subject/30145148/",
"穿越落基山脉 / Rocky Mountain Express","5","2020-02-21","https://movie.douban.com/subject/25716076/",
"废柴舅舅 第二季 / Uncle Season 2","5","2020-02-21","https://movie.douban.com/subject/25875022/",
"废柴舅舅 第三季 / Uncle Season 3","5","2020-02-21","https://movie.douban.com/subject/26680329/",
"废柴舅舅 第一季 / Uncle Season 1","5","2020-02-21","https://movie.douban.com/subject/25811267/",
"不死法医 / Forever","5","2020-02-24","https://movie.douban.com/subject/25884488/",
"我的朋友们：跳跳虎和小熊维尼 / My Friends: Tigger and Pooh","5","2020-02-25","https://movie.douban.com/subject/2246799/",
"蓝精灵2 / The Smurfs 2","3","2020-02-25","https://movie.douban.com/subject/6870493/",
"泰迪熊 / Ted","4","2020-02-25","https://movie.douban.com/subject/4807924/",
"普罗米修斯 / Prometheus","3","2020-02-25","https://movie.douban.com/subject/3771562/",
"终结者：创世纪 / Terminator Genisys","3","2020-02-25","https://movie.douban.com/subject/3338862/",
"星际特工：千星之城 / Valérian and the City of a Thousand Planets","3","2020-02-25","https://movie.douban.com/subject/11502973/",
"美国工厂 / American Factory","4","2020-02-25","https://movie.douban.com/subject/30390700/",
"年少轻狂：2018圣诞特别集 / The Young Offenders  Christmas Special","5","2020-02-26","https://movie.douban.com/subject/30414707/",
"至爱梵高·星空之谜 / Loving Vincent","5","2020-02-27","https://movie.douban.com/subject/25837262/",
"悲惨世界 / Les Misérables","5","2020-02-29","https://movie.douban.com/subject/6860160/",
"海蒂和爷爷 / Heidi","5","2020-03-01","https://movie.douban.com/subject/25958717/",
"叶问4：完结篇 / 葉問4：完結篇","3","2020-03-01","https://movie.douban.com/subject/26885074/",
"良医 第二季 / The Good Doctor Season 2","5","2020-03-02","https://movie.douban.com/subject/30163504/",
"小妇人 / Little Women","5","2020-03-02","https://movie.douban.com/subject/1298522/",
"你怎么这么好看","1","2020-03-02","https://movie.douban.com/subject/34894594/",
"我是山姆 / I Am Sam","5","2020-03-04","https://movie.douban.com/subject/1306861/",
"忠犬八公的故事 / Hachi: A Dog's Tale","5","2020-03-06","https://movie.douban.com/subject/3011091/",
"黑暗物质三部曲 第一季 / His Dark Materials Season 1","3","2020-03-06","https://movie.douban.com/subject/26657521/",
"怦然心动 / Flipped","5","2020-03-06","https://movie.douban.com/subject/3319755/",
"白日梦想家 / The Secret Life of Walter Mitty","4","2020-03-06","https://movie.douban.com/subject/2133323/",
"一代宗师 / 一代宗師","4","2020-03-07","https://movie.douban.com/subject/3821067/",
"公主日记 / The Princess Diaries","3","2020-03-07","https://movie.douban.com/subject/1305065/",
"8英里 / 8 Mile","4","2020-03-10","https://movie.douban.com/subject/1307853/",
"教父2 / The Godfather: Part II","4","2020-03-12","https://movie.douban.com/subject/1299131/",
"教父 / The Godfather","5","2020-03-12","https://movie.douban.com/subject/1291841/",
"罗宾汉：起源 / Robin Hood","4","2020-03-14","https://movie.douban.com/subject/26348846/",
"教父3 / The Godfather: Part III","4","2020-03-16","https://movie.douban.com/subject/1294240/",
"超人高校 / Sky High","3","2020-03-17","https://movie.douban.com/subject/1422913/",
"双子杀手 / Gemini Man","4","2020-03-17","https://movie.douban.com/subject/3097572/",
"刺客信条 / Assassin's Creed","4","2020-03-17","https://movie.douban.com/subject/11526817/",
"国家宝藏 第二季","4","2020-03-25","https://movie.douban.com/subject/30352947/",
"性爱自修室 第一季 / Sex Education Season 1","4","2020-03-25","https://movie.douban.com/subject/27594217/",
"乌龙特工 / Central Intelligence","4","2020-03-26","https://movie.douban.com/subject/3927749/",
"变身特工 / Spies in Disguise","4","2020-03-26","https://movie.douban.com/subject/27000084/",
"疾速追杀 / John Wick","4","2020-03-27","https://movie.douban.com/subject/25798131/",
"疾速追杀3 / John Wick: Chapter 3 - Parabellum","5","2020-03-28","https://movie.douban.com/subject/26909790/",
"疾速追杀2 / John Wick: Chapter 2","4","2020-03-28","https://movie.douban.com/subject/26333560/",
"你的名字。 / 君の名は。","5","2020-03-28","https://movie.douban.com/subject/26683290/",
"饥饿游戏 / The Hunger Games","5","2020-03-29","https://movie.douban.com/subject/3592853/",
"饥饿游戏3：嘲笑鸟(上) / The Hunger Games: Mockingjay - Part 1","4","2020-04-01","https://movie.douban.com/subject/6533054/",
"饥饿游戏3：嘲笑鸟(下) / The Hunger Games: Mockingjay - Part 2","4","2020-04-01","https://movie.douban.com/subject/10047547/",
"饥饿游戏2：星火燎原 / The Hunger Games: Catching Fire","5","2020-04-01","https://movie.douban.com/subject/6874456/",
"刺客信条：余烬 / Assassin's Creed: Embers","5","2020-04-08","https://movie.douban.com/subject/7061246/",
"人生遥控器 / Click","5","2020-04-08","https://movie.douban.com/subject/1474185/",
"快把我哥带走","2","2020-04-09","https://movie.douban.com/subject/30122633/",
"老师·好","3","2020-04-09","https://movie.douban.com/subject/27663742/",
"笨贼妙探 / Blue Streak","5","2020-04-09","https://movie.douban.com/subject/1297260/",
"X战警：黑凤凰 / Dark Phoenix","3","2020-04-09","https://movie.douban.com/subject/26667010/",
"蝙蝠侠：致命玩笑 / Batman: The Killing Joke","5","2020-04-10","https://movie.douban.com/subject/26692652/",
"巅峰拍档 第二十八季 / Top Gear Season 28","5","2020-04-15","https://movie.douban.com/subject/34942258/",
"同一个世界：共同在家 / One World: Together at Home","5","2020-04-19","https://movie.douban.com/subject/35031528/",
"壮志凌云 / Top Gun","4","2020-04-20","https://movie.douban.com/subject/1293799/",
"哥斯拉2：怪兽之王 / Godzilla: King of the Monsters","3","2020-04-21","https://movie.douban.com/subject/25890017/",
"囧妈","3","2020-04-21","https://movie.douban.com/subject/30306570/",
"鹬 / Piper","5","2020-04-21","https://movie.douban.com/subject/26766869/",
"死侍：危险行为 / Deadpool: No Good Deed","5","2020-04-21","https://movie.douban.com/subject/27025177/",
"赛车总动员3：极速挑战 / Cars 3","4","2020-04-21","https://movie.douban.com/subject/25849480/",
"愤怒的小鸟 / The Angry Birds Movie","3","2020-04-21","https://movie.douban.com/subject/6873736/",
"神奇女侠：血脉 / Wonder Woman: Bloodlines","3","2020-04-21","https://movie.douban.com/subject/30286098/",
"极速蜗牛 / Turbo","3","2020-04-21","https://movie.douban.com/subject/6070226/",
"华尔街之狼 / The Wolf of Wall Street","5","2020-04-21","https://movie.douban.com/subject/2997076/",
"无敌破坏王2：大闹互联网 / Ralph Breaks the Internet","4","2020-04-21","https://movie.douban.com/subject/20438964/",
"海洋深处 / In the Heart of the Sea","4","2020-04-22","https://movie.douban.com/subject/3582181/",
"巅峰拍档 第二十七季 / Top Gear Season 27","4","2020-04-24","https://movie.douban.com/subject/33383316/",
"IT狂人 第一季 / The IT Crowd Season 1","3","2020-04-25","https://movie.douban.com/subject/1758810/",
"触不可及(美版) / The Upside","5","2020-04-26","https://movie.douban.com/subject/26061679/",
"超人：红色之子 / Superman: Red Son","4","2020-04-26","https://movie.douban.com/subject/27668334/",
"绿灯侠：首次飞行 / Green Lantern: First Flight","4","2020-04-27","https://movie.douban.com/subject/3594463/",
"九条命 / Nine Lives","","2020-04-28","https://movie.douban.com/subject/26314816/",
"缝纫机乐队","","2020-04-28","https://movie.douban.com/subject/26926321/",
"我的冤家是条狗 / Patrick","","2020-04-28","https://movie.douban.com/subject/30143861/",
"鸡皮疙瘩 / Goosebumps","","2020-04-28","https://movie.douban.com/subject/2364051/",
"超时空同居","","2020-04-28","https://movie.douban.com/subject/27133303/",
"汽车人总动员","","2020-04-28","https://movie.douban.com/subject/26416155/",
"机器之血","","2020-04-28","https://movie.douban.com/subject/26729868/",
"包宝宝 / Bao","","2020-04-28","https://movie.douban.com/subject/30182729/",
"飞机总动员2：火线救援 / Planes: Fire and Rescue","","2020-04-28","https://movie.douban.com/subject/24827612/",
"狄仁杰之四大天王","","2020-04-28","https://movie.douban.com/subject/25882296/",
"神秘巨星 / Secret Superstar","","2020-04-28","https://movie.douban.com/subject/26942674/",
"乐高DC超级英雄：正义联盟大战异魔联盟 / Lego DC Comics Super He...","","2020-04-28","https://movie.douban.com/subject/26306980/",
"最萌警探 / Напарник","","2020-04-28","https://movie.douban.com/subject/30387535/",
"极限特工3：终极回归 / xXx: Return of Xander Cage","","2020-04-28","https://movie.douban.com/subject/3230115/",
"钢铁骑士 / Max Steel","","2020-04-28","https://movie.douban.com/subject/3863845/",
"鼠来宝4：萌在囧途 / Alvin and the Chipmunks: The Road Chip","","2020-04-28","https://movie.douban.com/subject/25760247/",
"狮子王 / The Lion King","","2020-04-28","https://movie.douban.com/subject/26884354/",
"德鲁大叔 / Uncle Drew","2","2020-04-28","https://movie.douban.com/subject/27074301/",
"超凡战队 / Power Rangers","","2020-04-28","https://movie.douban.com/subject/25881615/",
"大侦探皮卡丘 / Pokémon Detective Pikachu","","2020-04-28","https://movie.douban.com/subject/26835471/",
"西游记","5","2020-05-05","https://movie.douban.com/subject/2156663/",
"西游记","5","2020-05-05","https://movie.douban.com/subject/2156775/",
"黑暗正义联盟：天启星战争 / Justice League Dark: Apokolips War","5","2020-06-25","https://movie.douban.com/subject/34777818/",
"神盾局特工 第三季 / Agents of S.H.I.E.L.D. Season 3","3","2020-06-26","https://movie.douban.com/subject/26384798/",
"葫芦小金刚","4","2020-06-26","https://movie.douban.com/subject/3069864/",
"葫芦兄弟","5","2020-06-26","https://movie.douban.com/subject/1428576/",
"超级少女 第二季 / Supergirl Season 2","2","2020-06-26","https://movie.douban.com/subject/26792305/",
"超级少女 第一季 / Supergirl Season 1","3","2020-06-26","https://movie.douban.com/subject/25987068/",
"绿箭侠 第四季 / Arrow Season 4","2","2020-06-26","https://movie.douban.com/subject/26302901/",
"绿箭侠 第三季 / Arrow Season 3","3","2020-06-26","https://movie.douban.com/subject/25830682/",
"绿箭侠 第二季 / Arrow Season 2","3","2020-06-26","https://movie.douban.com/subject/21760613/",
"绿箭侠 第一季 / Arrow Season 1","4","2020-06-26","https://movie.douban.com/subject/10527257/",
"闪电侠 第四季 / The Flash Season 4","2","2020-06-26","https://movie.douban.com/subject/26952099/",
"闪电侠 第三季 / The Flash Season 3","2","2020-06-26","https://movie.douban.com/subject/26749151/",
"闪电侠 第二季 / The Flash Season 2","4","2020-06-26","https://movie.douban.com/subject/26289459/",
"正义联盟大战少年泰坦 / Justice League vs. Teen Titans","4","2020-07-11","https://movie.douban.com/subject/26696639/",
"乐高DC沙赞：魔法与魔物 / LEGO DC Shazam!: Magic and Monsters","4","2020-07-11","https://movie.douban.com/subject/35030774/",
"上载新生 第一季 / Upload Season 1","5","2020-08-09","https://movie.douban.com/subject/27622782/",
"神探夏洛克：福至如归 / Sherlock Mini Episode - Many Happy Returns","5","2020-08-15","https://movie.douban.com/subject/25798411/",
"神探夏洛克：最后的誓言 / Sherlock: His Last Vow","5","2020-08-15","https://movie.douban.com/subject/25804790/",
"蝙蝠侠：阿卡姆骑士 / Batman: Arkham Knight","5","2020-10-12","https://movie.douban.com/subject/26381654/",
"猎魔人 第一季 / The Witcher Season 1","3","2020-10-12","https://movie.douban.com/subject/26637615/",
"黑袍纠察队 第二季 / The Boys Season 2","4","2020-10-12","https://movie.douban.com/subject/34626347/",
"信条 / Tenet","5","2020-10-12","https://movie.douban.com/subject/30444960/",
"疯狂教授生物课 第一季 / A.P. Bio Season 1","5","2020-10-12","https://movie.douban.com/subject/26882438/",
"怪奇物语 第一季 / Stranger Things Season 1","4","2020-10-12","https://movie.douban.com/subject/26359270/",
"夺冠","3","2020-11-21","https://movie.douban.com/subject/30128916/",
"超体 / Lucy","5","2021-02-18","https://movie.douban.com/subject/24404677/",
"守望先锋：英雄 / Overwatch: Hero","5","2021-02-18","https://movie.douban.com/subject/26860018/",
"唐人街探案3","1","2021-02-18","https://movie.douban.com/subject/27619748/",
"你好，李焕英","4","2021-02-20","https://movie.douban.com/subject/34841067/",
"旺达幻视 / WandaVision","5","2021-02-26","https://movie.douban.com/subject/30331433/",
"神奇女侠1984 / Wonder Woman 1984","3","2021-03-13","https://movie.douban.com/subject/27073752/",
"扎克·施奈德版正义联盟 / Zack Snyder's Justice League","5","2021-03-20","https://movie.douban.com/subject/35076714/",
"猫头鹰王国：守卫者传奇 / Legend of the Guardians: The Owls of ...","4","2021-04-05","https://movie.douban.com/subject/3041281/",
"哥斯拉大战金刚 / Godzilla vs Kong","3","2021-04-05","https://movie.douban.com/subject/26613692/",
"爱，死亡和机器人 第二季 / Love, Death & Robots Season 2","3","2021-06-08","https://movie.douban.com/subject/34418203/",
"老友记重聚特辑 / Friends: The Reunion","5","2021-06-08","https://movie.douban.com/subject/34908189/",
"爱乐之城 / La La Land","5","2021-06-08","https://movie.douban.com/subject/25934014/",
"1917","5","2021-06-10","https://movie.douban.com/subject/30252495/",
"爆裂鼓手 / Whiplash","5","2021-06-14","https://movie.douban.com/subject/25773932/",
"死亡诗社 / Dead Poets Society","5","2021-06-20","https://movie.douban.com/subject/1291548/",
"康斯坦丁 / Constantine","2","2021-06-26","https://movie.douban.com/subject/1309021/",
"杀手：代号47 / Hitman","3","2021-07-09","https://movie.douban.com/subject/1937621/",
"焦点 / Focus","4","2021-07-19","https://movie.douban.com/subject/20277433/",
"好好先生 / Yes Man","5","2021-08-03","https://movie.douban.com/subject/2147854/",
"洛基 第一季 / Loki Season 1","3","2021-08-13","https://movie.douban.com/subject/30331432/",
"X特遣队：全员集结 / The Suicide Squad","4","2021-08-13","https://movie.douban.com/subject/26741632/",
"疯狂原始人2 / The Croods: A New Age","3","2021-08-15","https://movie.douban.com/subject/24298954/",
"雷神小队 / Team Thor","4","2021-08-16","https://movie.douban.com/subject/26879120/",
"蝙蝠侠大战忍者神龟 / Batman Vs. Teenage Mutant Ninja Turtles","5","2021-08-19","https://movie.douban.com/subject/30459588/",
"蝙蝠侠：黑暗骑士归来(下) / Batman: The Dark Knight Returns, Pa...","5","2021-08-20","https://movie.douban.com/subject/11443810/",
"蝙蝠侠：黑暗骑士归来(上) / Batman: The Dark Knight Returns, Pa...","5","2021-08-20","https://movie.douban.com/subject/11443807/",
"雪宝的冰雪大冒险 / Olaf's Frozen Adventure","3","2021-08-20","https://movie.douban.com/subject/27006488/",
"飞机总动员 / Planes","3","2021-08-20","https://movie.douban.com/subject/4915854/",
"博物馆奇妙夜3 / Night at the Museum: Secret of the Tomb","3","2021-08-20","https://movie.douban.com/subject/21349734/",
"魔发奇缘 / Tangled","4","2021-08-20","https://movie.douban.com/subject/1863766/",
"黑寡妇 / Black Widow","3","2021-08-20","https://movie.douban.com/subject/25828589/",
"这个杀手不太冷 / Léon","4","2021-08-24","https://movie.douban.com/subject/1295644/",
"DC展台：超人与沙赞之黑亚当归来 / DC Showcase: Superman/Shazam!...","3","2021-08-24","https://movie.douban.com/subject/5354501/",
"失控玩家 / Free Guy","5","2021-08-27","https://movie.douban.com/subject/30337388/",
"假如…？ 第一季 / What If...? Season 1","5","2021-08-27","https://movie.douban.com/subject/33408073/",
"猎魔人：狼之噩梦 / The Witcher: Nightmare of the Wolf","5","2021-08-27","https://movie.douban.com/subject/34955909/",
"猎鹰与冬兵 / The Falcon and the Winter Soldier","3","2021-10-02","https://movie.douban.com/subject/30367642/",
"午夜巴黎 / Midnight in Paris","5","2021-10-02","https://movie.douban.com/subject/4319218/",
"007：大战皇家赌场 / Casino Royale","5","2021-11-23","https://movie.douban.com/subject/1418190/",
"鹰眼 第一季 / Hawkeye Season 1","3","2021-12-25","https://movie.douban.com/subject/33406089/",
"蜘蛛侠：英雄无归 / Spider-Man: No Way Home","5","2021-12-25","https://movie.douban.com/subject/26933210/",
"我们这一天 第一季 / This Is Us Season 1","5","2022-01-01","https://movie.douban.com/subject/26794215/",
"绝命毒师 第一季 / Breaking Bad Season 1","5","2022-01-29","https://movie.douban.com/subject/2373195/",
"新蝙蝠侠 / The Batman","4","2022-03-19","https://movie.douban.com/subject/6424756/",
"黑袍纠察队 第三季 / The Boys Season 3","5","2022-07-05","https://movie.douban.com/subject/35154050/",
"健听女孩 / CODA","5","2022-07-07","https://movie.douban.com/subject/35048413/",
"银翼杀手2049 / Blade Runner 2049","5","2022-07-08","https://movie.douban.com/subject/10512661/",
"毒液2 / Venom: Let There Be Carnage","1","2022-07-09","https://movie.douban.com/subject/30382416/",
"奇异博士2：疯狂多元宇宙 / Doctor Strange in the Multiverse of ...","2","2022-07-09","https://movie.douban.com/subject/30304994/",
"银翼杀手 / Blade Runner","5","2022-07-09","https://movie.douban.com/subject/1291839/",
"大空头 / The Big Short","4","2022-07-16","https://movie.douban.com/subject/26303622/",
"变相怪杰 / The Mask","3","2022-07-16","https://movie.douban.com/subject/1297570/",
"007：无暇赴死 / No Time to Die","3","2022-07-18","https://movie.douban.com/subject/20276229/",
"大侦探福尔摩斯2：诡影游戏 / Sherlock Holmes: A Game of Shadows","4","2022-07-18","https://movie.douban.com/subject/4051753/",
"2001太空漫游 / 2001: A Space Odyssey","4","2022-07-20","https://movie.douban.com/subject/1292226/",
"金蝉脱壳 / Escape Plan","3","2022-07-25","https://movie.douban.com/subject/3025447/",
"Hello！树先生","5","2022-07-27","https://movie.douban.com/subject/4135710/",
"憨豆特工 / Johnny English","4","2022-07-28","https://movie.douban.com/subject/1307389/",
"独行月球","5","2022-07-29","https://movie.douban.com/subject/35183042/",
"闪灵 / The Shining","3","2022-08-05","https://movie.douban.com/subject/1292225/",
"人生大事","4","2022-08-11","https://movie.douban.com/subject/35460157/",
"雨果 / Hugo","3","2022-08-19","https://movie.douban.com/subject/2028677/",
"侏罗纪世界3 / Jurassic World: Dominion","2","2022-08-19","https://movie.douban.com/subject/26873582/",
"四海","2","2022-08-22","https://movie.douban.com/subject/35337517/",
"酒精计划 / Druk","5","2022-08-22","https://movie.douban.com/subject/30323120/",
"美丽心灵 / A Beautiful Mind","4","2022-09-20","https://movie.douban.com/subject/1306029/",
"协商 / 협상","3","2022-09-23","https://movie.douban.com/subject/27040853/",
"太阳照常升起","4","2022-09-24","https://movie.douban.com/subject/1766086/",
"独行侠 / The Lone Ranger","2","2022-09-27","https://movie.douban.com/subject/3024838/",
"小人物 / Nobody","5","2022-09-28","https://movie.douban.com/subject/34865507/",
"末代皇帝 / The Last Emperor","5","2022-09-28","https://movie.douban.com/subject/1293172/",
"隐入尘烟","5","2022-10-01","https://movie.douban.com/subject/35131346/",
"法官老爹 / The Judge","5","2022-10-02","https://movie.douban.com/subject/10546747/",
"电影人生 / The Majestic","5","2022-10-11","https://movie.douban.com/subject/1306605/",
"万神殿 第一季 / Pantheon Season 1","5","2022-10-16","https://movie.douban.com/subject/34990593/",
"爱在黎明破晓前 / Before Sunrise","5","2022-10-24","https://movie.douban.com/subject/1296339/",
"黑亚当 / Black Adam","4","2022-10-25","https://movie.douban.com/subject/26959697/",
"爱在午夜降临前 / Before Midnight","5","2022-10-28","https://movie.douban.com/subject/10808442/",
"波巴·费特之书 / The Book of Boba Fett","5","2022-10-28","https://movie.douban.com/subject/35291777/",
"曼达洛人 第二季 / The Mandalorian Season 2","5","2022-10-28","https://movie.douban.com/subject/34892527/",
"爱在日落黄昏时 / Before Sunset","5","2022-10-28","https://movie.douban.com/subject/1291990/",
"K歌情人 / Music and Lyrics","5","2022-11-10","https://movie.douban.com/subject/1937401/",
"火山挚恋 / Fire of Love","5","2022-11-13","https://movie.douban.com/subject/35694766/",
"雪国列车 / 설국열차","4","2022-11-19","https://movie.douban.com/subject/3071441/",
"龙之家族 第一季 / House of the Dragon Season 1","5","2022-11-23","https://movie.douban.com/subject/34825964/",
"子弹列车 / Bullet Train","5","2022-11-27","https://movie.douban.com/subject/35118954/",
"一九四二","5","2022-12-06","https://movie.douban.com/subject/6011805/",
"三个老枪手 / Going in Style","5","2022-12-09","https://movie.douban.com/subject/26266085/",
"声之形 / 聲の形","5","2022-12-23","https://movie.douban.com/subject/26264454/",
"阿凡达：水之道 / Avatar: The Way of Water","5","2022-12-24","https://movie.douban.com/subject/4811774/",
"间谍过家家 第一季 / SPY×FAMILY","5","2022-12-30","https://movie.douban.com/subject/35258427/",
"间谍过家家 第一季 Part.2 / SPY×FAMILY 第2クール","5","2022-12-30","https://movie.douban.com/subject/35724582/",
"天才不能承受之重 / The Unbearable Weight of Massive Talent","3","2023-01-02","https://movie.douban.com/subject/34890458/",
"相合之物 / であいもん","5","2023-01-02","https://movie.douban.com/subject/35438300/",
"孤独摇滚！ / ぼっち・ざ・ろっく！","5","2023-01-07","https://movie.douban.com/subject/35366293/",
"秒速5厘米 / 秒速5センチメートル","4","2023-01-11","https://movie.douban.com/subject/2043546/",
"天气之子 / 天気の子","5","2023-01-22","https://movie.douban.com/subject/30402296/",
"流浪地球2","5","2023-01-24","https://movie.douban.com/subject/35267208/",
"萤火之森 / 蛍火の杜へ","5","2023-02-06","https://movie.douban.com/subject/5989818/",
"中国奇谭","4","2023-02-10","https://movie.douban.com/subject/35674355/",
"狂飙","5","2023-02-10","https://movie.douban.com/subject/35465232/",
"中国古诗词动漫","5","2023-02-13","https://movie.douban.com/subject/30304531/",
"战争之王 / Lord of War","5","2023-02-26","https://movie.douban.com/subject/1419936/",
"保你平安","5","2023-03-11","https://movie.douban.com/subject/35457272/",
"壮志凌云2：独行侠 / Top Gun: Maverick","4","2023-03-14","https://movie.douban.com/subject/6893932/",
"铃芽之旅 / すずめの戸締まり","5","2023-03-25","https://movie.douban.com/subject/35371261/",
"海边的曼彻斯特 / Manchester by the Sea","5","2023-03-25","https://movie.douban.com/subject/25980443/",
"西线无战事 / All Quiet on the Western Front","5","2023-04-14","https://movie.douban.com/subject/1295116/",
"银河护卫队3 / Guardians of the Galaxy Vol. 3","3","2023-05-09","https://movie.douban.com/subject/26258779/",
"菊次郎的夏天 / 菊次郎の夏","5","2023-05-12","https://movie.douban.com/subject/1293359/",
"神奇乳霜 / Cream","5","2023-05-17","https://movie.douban.com/subject/27101935/",
"闻香识女人 / Scent of a Woman","5","2023-05-19","https://movie.douban.com/subject/1298624/",
"魂断蓝桥 / Waterloo Bridge","5","2023-05-21","https://movie.douban.com/subject/1293964/",
"言叶之庭 / 言の葉の庭","5","2023-05-21","https://movie.douban.com/subject/20470074/",
"碟中谍6：全面瓦解 / Mission: Impossible - Fallout","4","2023-05-21","https://movie.douban.com/subject/26336252/",
"青春猪头少年不会梦到兔女郎学姐 / 青春ブタ野郎はバニーガール先...","5","2023-05-23","https://movie.douban.com/subject/30166978/",
"曼达洛人 第三季 / The Mandalorian Season 3","5","2023-05-28","https://movie.douban.com/subject/35048728/",
"天空之城 / 天空の城ラピュタ","5","2023-06-02","https://movie.douban.com/subject/1291583/",
"蜘蛛侠：纵横宇宙 / Spider-Man: Across the Spider-Verse","5","2023-06-02","https://movie.douban.com/subject/30391186/",
"宇宙探索编辑部","5","2023-06-02","https://movie.douban.com/subject/34941536/",
"伸冤人 / The Equalizer","3","2023-06-11","https://movie.douban.com/subject/3012013/",
"普罗旺斯的夏天 / Avis de mistral","5","2023-06-13","https://movie.douban.com/subject/25858604/",
"醉乡民谣 / Inside Llewyn Davis","5","2023-06-15","https://movie.douban.com/subject/6887029/",
"你看起来好像很好吃 / おまえうまそうだな","4","2023-06-15","https://movie.douban.com/subject/4848115/",
"蝴蝶效应 / The Butterfly Effect","5","2023-06-16","https://movie.douban.com/subject/1292343/",
"青春猪头少年不会梦到怀梦美少女 / 青春ブタ野郎はゆめみる少女の...","2","2023-06-19","https://movie.douban.com/subject/30329902/",
"闪电侠 / The Flash","4","2023-06-20","https://movie.douban.com/subject/3011317/",
"土拨鼠之日 / Groundhog Day","4","2023-07-01","https://movie.douban.com/subject/1300613/",
"记忆裂痕 / Paycheck","3","2023-07-02","https://movie.douban.com/subject/1308715/",
"BJ单身日记 / Bridget Jones's Diary","4","2023-07-02","https://movie.douban.com/subject/1304585/",
"绅士们 / The Gentlemen","5","2023-07-03","https://movie.douban.com/subject/30211998/",
"布达佩斯大饭店 / The Grand Budapest Hotel","5","2023-07-03","https://movie.douban.com/subject/11525673/",
"一直游到海水变蓝","3","2023-07-09","https://movie.douban.com/subject/33440244/",
"龙与地下城：侠盗荣耀 / Dungeons & Dragons: Honor Among Thieves","4","2023-07-17","https://movie.douban.com/subject/26584673/",
"超级马力欧兄弟大电影 / The Super Mario Bros. Movie","5","2023-07-17","https://movie.douban.com/subject/27199894/",
"漫长的季节","3","2023-07-20","https://movie.douban.com/subject/35588177/",
"碟中谍7：致命清算 / Mission: Impossible – Dead Reckoning Part...","5","2023-07-20","https://movie.douban.com/subject/30433455/",
"深海","4","2023-07-27","https://movie.douban.com/subject/26649682/",
"长安三万里","5","2023-07-30","https://movie.douban.com/subject/36035676/",
"东北警察故事","3","2023-07-30","https://movie.douban.com/subject/35611465/",
"克里斯·海姆斯沃斯：挑战极限 第一季 / Limitless with Chris Hem...","5","2023-07-31","https://movie.douban.com/subject/34951619/",
"芭比 / Barbie","4","2023-07-31","https://movie.douban.com/subject/4058939/",
"彗星来的那一夜 / Coherence","4","2023-08-09","https://movie.douban.com/subject/25807345/",
"十二怒汉 / 12 Angry Men","5","2023-08-26","https://movie.douban.com/subject/1293182/",
"奥本海默 / Oppenheimer","5","2023-08-31","https://movie.douban.com/subject/35593344/",
"沙丘 / Dune","5","2023-09-03","https://movie.douban.com/subject/3001114/",
"破产姐妹 第四季 / 2 Broke Girls Season 4","2","2023-09-06","https://movie.douban.com/subject/25846034/",
"无间道 / 無間道","5","2023-09-19","https://movie.douban.com/subject/1307914/",
"侧耳倾听 / 耳をすませば","5","2023-09-21","https://movie.douban.com/subject/1297052/",
"幽灵公主 / もののけ姫","5","2023-09-22","https://movie.douban.com/subject/1297359/",
"封神第一部：朝歌风云","3","2023-09-23","https://movie.douban.com/subject/10604086/",
"大鱼 / Big Fish","4","2023-09-26","https://movie.douban.com/subject/1291545/",
"入殓师 / おくりびと","5","2023-09-30","https://movie.douban.com/subject/2149806/",
"奎迪 / Creed","3","2023-10-03","https://movie.douban.com/subject/24875409/",
"奎迪：英雄再起 / Creed II","3","2023-10-04","https://movie.douban.com/subject/26707088/",
"疾速追杀4 / John Wick: Chapter 4","4","2023-10-05","https://movie.douban.com/subject/33455421/",
"奎迪3 / Creed III","4","2023-10-05","https://movie.douban.com/subject/34919107/",
"克拉克森的农场 第一季 / Clarkson's Farm Season 1","5","2023-11-06","https://movie.douban.com/subject/34839005/",
"戴夫号飞船 / Meet Dave","4","2023-11-20","https://movie.douban.com/subject/1929441/",
"虎口脱险 / La grande vadrouille","5","2023-11-20","https://movie.douban.com/subject/1296909/",
"无敌少侠 第一季 / Invincible Season 1","5","2023-12-05","https://movie.douban.com/subject/30252970/",
"旺卡 / Wonka","4","2023-12-09","https://movie.douban.com/subject/26897888/",
"实习生 / The Intern","5","2023-12-12","https://movie.douban.com/subject/10594965/",
"小黄人大眼萌：神偷奶爸前传 / Minions: The Rise of Gru","3","2023-12-17","https://movie.douban.com/subject/26642033/",
"海王2：失落的王国 / Aquaman and the Lost Kingdom","4","2023-12-23","https://movie.douban.com/subject/30444942/",
"乔乔的异想世界 / Jojo Rabbit","5","2023-12-23","https://movie.douban.com/subject/30170546/",
"侠探杰克 第二季 / Reacher Season 2","5","2023-12-24","https://movie.douban.com/subject/35763119/",
"假如…？ 第二季 / What If...? Season 2","3","2023-12-26","https://movie.douban.com/subject/35471943/",
"泰迪熊 第一季 / Ted Season 1","5","2024-01-31","https://movie.douban.com/subject/35868338/",
"年会不能停！","5","2024-02-18","https://movie.douban.com/subject/35725869/",
"洛奇 / Rocky","4","2024-02-26","https://movie.douban.com/subject/1295742/",
"新闻编辑室 第一季 / The Newsroom Season 1","5","2024-02-28","https://movie.douban.com/subject/6142597/",
"周处除三害 / 周處除三害","4","2024-03-01","https://movie.douban.com/subject/36151692/",
"今晚80后脱口秀","4","2024-03-03","https://movie.douban.com/subject/25864078/",
"了不起的挑战","4","2024-03-03","https://movie.douban.com/subject/26347994/",
"沙丘2 / Dune: Part Two","5","2024-03-09","https://movie.douban.com/subject/35575567/",
"我是传奇 / I Am Legend","4","2024-03-16","https://movie.douban.com/subject/1820156/",
"传奇 / Legend","3","2024-03-16","https://movie.douban.com/subject/25887846/",
"哥斯拉 / Godzilla","4","2024-03-18","https://movie.douban.com/subject/2063914/",
"超验骇客 / Transcendence","3","2024-03-27","https://movie.douban.com/subject/10810745/",
"暖暖内含光 / Eternal Sunshine of the Spotless Mind","4","2024-03-27","https://movie.douban.com/subject/1308777/",
"黑鹰坠落 / Black Hawk Down","5","2024-03-28","https://movie.douban.com/subject/1291824/",
"哥斯拉大战金刚2：帝国崛起 / Godzilla x Kong: The New Empire","3","2024-03-31","https://movie.douban.com/subject/35453251/",
"被解救的姜戈 / Django Unchained","5","2024-04-04","https://movie.douban.com/subject/6307447/",
"无敌少侠：原子女侠伊芙 / Invincible: Atom Eve","4","2024-04-05","https://movie.douban.com/subject/36488620/",
"无敌少侠 第二季 / Invincible Season 2","4","2024-04-05","https://movie.douban.com/subject/35545737/",
"保罗 / Paul","3","2024-04-05","https://movie.douban.com/subject/2999913/",
"你想活出怎样的人生 / 君たちはどう生きるか","3","2024-04-07","https://movie.douban.com/subject/26925611/",
"新威龙杀阵 / Road House","4","2024-04-25","https://movie.douban.com/subject/26608246/",
"犯罪都市 / 범죄도시","5","2024-04-30","https://movie.douban.com/subject/26946510/",
"间谍过家家 代号：白 / 劇場版 Spy x Family Code: White","5","2024-05-02","https://movie.douban.com/subject/36190889/",
"哥斯拉-1.0 / ゴジラ-1.0","4","2024-05-04","https://movie.douban.com/subject/35914398/",
"搏击俱乐部 / Fight Club","5","2024-05-22","https://movie.douban.com/subject/1292000/",
"葬送的芙莉莲 / 葬送のフリーレン","5","2024-06-17","https://movie.douban.com/subject/36093351/",
"特技狂人 / The Fall Guy","4","2024-06-19","https://movie.douban.com/subject/35268614/",
"瞬息全宇宙 / Everything Everywhere All at Once","3","2024-06-21","https://movie.douban.com/subject/30314848/",
"龙之家族 第二季 / House of the Dragon Season 2","3","2024-06-26","https://movie.douban.com/subject/36073279/",
"死侍与金刚狼 / Deadpool & Wolverine","4","2024-07-26","https://movie.douban.com/subject/26957900/",
"异形：夺命舰 / Alien: Romulus","4","2024-08-16","https://movie.douban.com/subject/35792500/",
"龙虎少年队 / 21 Jump Street","4","2024-08-19","https://movie.douban.com/subject/3072889/",
"变形金刚：起源 / Transformers One","5","2024-09-29","https://movie.douban.com/subject/34960078/",
"里斯本丸沉没","5","2024-09-30","https://movie.douban.com/subject/30412658/",
"企鹅人 第一季 / The Penguin Season 1","5","2024-10-02","https://movie.douban.com/subject/35604181/",
"变形金刚：超能勇士崛起 / Transformers: Rise of the Beasts","1","2024-10-05","https://movie.douban.com/subject/26634250/",
"只此青绿","5","2024-10-10","https://movie.douban.com/subject/36401998/",
"瞒天计划 / The Program","4","2024-10-10","https://movie.douban.com/subject/24878250/",
"小丑2：双重妄想 / Joker: Folie à Deux","4","2024-10-21","https://movie.douban.com/subject/34909341/",
"毒液：最后一舞 / Venom: The Last Dance","2","2024-10-24","https://movie.douban.com/subject/35087675/",
"蓦然回首 / ルックバック","5","2024-10-26","https://movie.douban.com/subject/36765646/",
"热天午后 / Dog Day Afternoon","5","2024-11-09","https://movie.douban.com/subject/1293374/",
"低俗小说 / Pulp Fiction","4","2024-11-09","https://movie.douban.com/subject/1291832/",
"疯狂的麦克斯4：狂暴之路 / Mad Max: Fury Road","5","2024-11-10","https://movie.douban.com/subject/3592854/",
"办公室 第一季 / The Office Season 1","5","2024-11-20","https://movie.douban.com/subject/10529476/",
"尖峰时刻2 / Rush Hour 2","4","2024-11-24","https://movie.douban.com/subject/1304642/",
"尖峰时刻 / Rush Hour","4","2024-11-24","https://movie.douban.com/subject/1292624/",
"海洋奇缘2 / Moana 2","4","2024-12-04","https://movie.douban.com/subject/36768946/",
"红色一号：冬日行动 / Red One","3","2025-01-03","https://movie.douban.com/subject/35516034/",
"哪吒之魔童闹海","5","2025-02-07","https://movie.douban.com/subject/34780991/",
"无敌少侠 第三季 / Invincible Season 3","2","2025-02-11","https://movie.douban.com/subject/35578255/",
"疯狂元素城 / Elemental","3","2025-02-15","https://movie.douban.com/subject/35901878/",
"永恒族 / Eternals","4","2025-02-23","https://movie.douban.com/subject/30223888/",
"夜魔侠 第三季 / Daredevil Season 3","4","2025-03-07","https://movie.douban.com/subject/26841619/",
"编号17 / Mickey 17","2","2025-03-10","https://movie.douban.com/subject/34429795/",
"侠探杰克 第三季 / Reacher Season 3","3","2025-03-26","https://movie.douban.com/subject/36670568/",
"我的世界大电影 / A Minecraft Movie","2","2025-04-05","https://movie.douban.com/subject/26149750/",
"鬼泣 第一季 / Devil May Cry Season 1","5","2025-04-07","https://movie.douban.com/subject/35717220/",
"神偷奶爸4 / Despicable Me 4","2","2025-04-20","https://movie.douban.com/subject/30170847/",
"孤独摇滚(上) / 劇場総集編ぼっち・ざ・ろっく！ Re:","4","2025-04-30","https://movie.douban.com/subject/36415357/",
"雷霆特攻队* / Thunderbolts*","5","2025-05-01","https://movie.douban.com/subject/35927475/",
"暗杀教室 / 暗殺教室","5","2025-05-05","https://movie.douban.com/subject/25912261/",
"美国队长4 / Captain America: Brave New World","2","2025-05-09","https://movie.douban.com/subject/35443158/",
"赛马娘 / ウマ娘 プリティーダービー","4","2025-05-15","https://movie.douban.com/subject/30203373/",
"攻壳机动队 / 攻殻機動隊","5","2025-05-16","https://movie.douban.com/subject/1291936/",
"碟中谍8：最终清算 / Mission: Impossible - The Final Reckoning","4","2025-06-06","https://movie.douban.com/subject/30433456/",
"玉子市场 / たまこまーけっと","5","2025-06-19","https://movie.douban.com/subject/20514713/",
"新·驯龙高手 / How to Train Your Dragon","5","2025-06-23","https://movie.douban.com/subject/36247731/",
"F1：狂飙飞车 / F1: The Movie","5","2025-07-02","https://movie.douban.com/subject/35689244/",
"七宗罪 / Se7en","5","2025-07-04","https://movie.douban.com/subject/1292223/",
"疾速追杀：芭蕾杀姬 / Ballerina","4","2025-07-04","https://movie.douban.com/subject/34807062/",
"大炮之街 / 大砲の街","5","2025-07-05","https://movie.douban.com/subject/26951746/",
"回忆三部曲 / Memories","5","2025-07-05","https://movie.douban.com/subject/1307897/",
"极速风流 / Rush","5","2025-07-05","https://movie.douban.com/subject/6803494/",
"暗杀教室 第二季 / 暗殺教室 第2期","5","2025-07-08","https://movie.douban.com/subject/26375693/",
"命运之夜 无限剑制 第二季 / Fate/stay night [Unlimited Blade Wo...","5","2025-07-10","https://movie.douban.com/subject/25937990/",
"命运之夜 无限剑制 / Fate/stay night [Unlimited Blade Works]","5","2025-07-10","https://movie.douban.com/subject/24857860/",
"超人 / Superman","2","2025-07-11","https://movie.douban.com/subject/36188176/",
"有史以来最棒的啤酒运送 / The Greatest Beer Run Ever","5","2025-07-12","https://movie.douban.com/subject/35134230/",
"荒野机器人 / The Wild Robot","4","2025-07-12","https://movie.douban.com/subject/36689857/",
"魔女宅急便 / 魔女の宅急便","4","2025-07-16","https://movie.douban.com/subject/1307811/",
"雷霆沙赞！众神之怒 / Shazam! Fury of the Gods","1","2025-07-18","https://movie.douban.com/subject/33402300/",
"长安的荔枝","5","2025-07-22","https://movie.douban.com/subject/36185502/",
"神奇4侠：初露锋芒 / The Fantastic Four: First Steps","4","2025-07-24","https://movie.douban.com/subject/34825559/",
"浪浪山小妖怪","4","2025-08-06","https://movie.douban.com/subject/36438475/",
"鞋匠人生 / The Cobbler","4","2025-08-07","https://movie.douban.com/subject/25788954/",
"罗小黑战记2","5","2025-08-08","https://movie.douban.com/subject/36448279/",
"玛丽和麦克斯 / Mary and Max","4","2025-08-10","https://movie.douban.com/subject/3072124/",
"汉密尔顿 / Hamilton","5","2025-08-12","https://movie.douban.com/subject/34961898/",
"罗小黑战记","5","2025-08-13","https://movie.douban.com/subject/10477598/",
"充气娃娃之恋 / Lars and the Real Girl","5","2025-08-13","https://movie.douban.com/subject/1855834/",
"她的回忆 / 彼女の想いで","5","2025-08-17","https://movie.douban.com/subject/5162334/",
"南京照相馆","5","2025-08-21","https://movie.douban.com/subject/36809864/",
"捕风追影","5","2025-08-21","https://movie.douban.com/subject/36600459/",
"月光骑士 / Moon Knight","3","2025-08-23","https://movie.douban.com/subject/26358318/",
"风骚律师 第二季 / Better Call Saul Season 2","5","2025-08-27","https://movie.douban.com/subject/25976733/",
"风骚律师 第一季 / Better Call Saul Season 1","5","2025-08-27","https://movie.douban.com/subject/25726259/",
"风骚律师 第四季 / Better Call Saul Season 4","5","2025-08-30","https://movie.douban.com/subject/27077785/",
"风骚律师 第三季 / Better Call Saul Season 3","5","2025-08-30","https://movie.douban.com/subject/26748847/",
"绝命毒师  第三季 / Breaking Bad Season 3","4","2025-08-31","https://movie.douban.com/subject/4256328/",
"绝命毒师  第二季 / Breaking Bad Season 2","5","2025-08-31","https://movie.douban.com/subject/3586996/",
"风骚律师 第五季 / Better Call Saul Season 5","5","2025-08-31","https://movie.douban.com/subject/30285826/",
"风骚律师 第六季 / Better Call Saul Season 6","5","2025-09-01","https://movie.douban.com/subject/34951007/",
"小人物2 / Nobody 2","2","2025-09-03","https://movie.douban.com/subject/36176467/",
"高楼大劫案 / Tower Heist","5","2025-09-22","https://movie.douban.com/subject/2133293/",
"会计刺客 / The Accountant","4","2025-10-01","https://movie.douban.com/subject/24325861/",
"超级大坏蛋 / Megamind","4","2025-10-07","https://movie.douban.com/subject/2303163/",
"一战再战 / One Battle After Another","4","2025-10-18","https://movie.douban.com/subject/36176155/",
"八恶人 / The Hateful Eight","5","2025-10-19","https://movie.douban.com/subject/25787888/",
"间谍过家家 第二季 / SPY×FAMILY Season 2","5","2025-10-19","https://movie.douban.com/subject/36190888/",
"小城日常 / CITY THE ANIMATION","5","2025-10-19","https://movie.douban.com/subject/37054059/",
"日常","5","2025-10-19","https://movie.douban.com/subject/4848701/",
"甲方乙方","5","2025-10-21","https://movie.douban.com/subject/1303173/",
"城市英雄 / Falling Down","4","2025-11-01","https://movie.douban.com/subject/1299287/",
"天鹰战士：最后的冲击 / シン・エヴァンゲリオン劇場版:│▌","5","2025-11-02","https://movie.douban.com/subject/10428501/",
"铁血战士：杀戮之地 / Predator: Badlands","3","2025-11-07","https://movie.douban.com/subject/36707378/",
"紫罗兰永恒花园 / ヴァイオレット・エヴァーガーデン","5","2025-11-10","https://movie.douban.com/subject/26805209/",
"轻音少女 / けいおん!","4","2025-11-10","https://movie.douban.com/subject/3681349/",
"抓人游戏 / Tag","2","2025-11-13","https://movie.douban.com/subject/27013111/",
"疯狂动物城2 / Zootopia 2","5","2025-12-01","https://movie.douban.com/subject/26817136/",
"亡命驾驶 / Drive","4","2025-12-02","https://movie.douban.com/subject/2010972/",
"僵尸世界大战 / World War Z","3","2025-12-03","https://movie.douban.com/subject/2132473/",
"她 / Her","5","2025-12-05","https://movie.douban.com/subject/6722879/",
"控方证人 / Witness for the Prosecution","5","2025-12-06","https://movie.douban.com/subject/1296141/",
"疯狂的赛车","4","2025-12-10","https://movie.douban.com/subject/2124703/",
"兰戈 / Rango","4","2025-12-10","https://movie.douban.com/subject/2998253/",
"抓娃娃","5","2025-12-13","https://movie.douban.com/subject/36653918/",
"猜火车 / Trainspotting","5","2025-12-14","https://movie.douban.com/subject/1292528/",
"链锯人 剧场版：蕾塞篇 / 劇場版 チェンソーマン レゼ篇","5","2025-12-16","https://movie.douban.com/subject/37291780/",
"荒野生存 / Into the Wild","5","2025-12-17","https://movie.douban.com/subject/1905462/",
"战双帕尼尼","5","2026-01-03","https://movie.douban.com/subject/35300036/",
"飞驰人生3","5","2026-02-20","https://movie.douban.com/subject/37311135/",
"镖人：风起大漠","2","2026-03-08","https://movie.douban.com/subject/36474027/",
"逆行人生","4","2026-03-18","https://movie.douban.com/subject/36774001/",
"飞驰人生2","4","2026-03-18","https://movie.douban.com/subject/36369452/",
